{
  "activate_accepted_total": null,
  "activate_attempted_fill": null,
  "activate_attempted_replace": null,
  "activate_attempted_total": null,
  "activate_blocked_budget": null,
  "activate_blocked_cooldown": null,
  "activate_blocked_gate": null,
  "activate_bypassed_liveness": null,
  "activate_bypassed_non_contention": null,
  "activate_count_total": 265,
  "actual_arrival_rps_bg": 9.681744588107573,
  "actual_arrival_rps_vip": 0.8988209875492418,
  "arrival_count_bg": 5235,
  "arrival_count_vip": 486,
  "arrival_rate_bg": 0.5,
  "arrival_rate_vip": 1.0,
  "avg_active_set": 6.400862068965517,
  "avg_resident_set": 6.400862068965517,
  "bg_adapter_cnt": 7,
  "bg_adapter_cnt_actual": 7,
  "bg_adapters": [
    "bg01",
    "bg02",
    "bg03",
    "bg04",
    "bg05",
    "bg06",
    "bg07"
  ],
  "bg_avg_max_gap_s": 170.71428571428572,
  "bg_cap": 1,
  "bg_concurrency": 1,
  "bg_e2e_ms": {
    "p50": 2523.315191268921,
    "p90": 2925.5162715911865,
    "p99": 3085.2758026123047
  },
  "bg_engine_ms": {
    "p50": 93.96505355834961,
    "p90": 121.99306488037111,
    "p99": 146.65289402008054
  },
  "bg_max_gap_s": 199.0,
  "bg_ok_per_adapter": {
    "bg01": 1594,
    "bg02": 597,
    "bg03": 586,
    "bg04": 611,
    "bg05": 590,
    "bg06": 628,
    "bg07": 629
  },
  "bg_queue_ms": {
    "p50": 0.7991790771484375,
    "p90": 2.2599220275878946,
    "p99": 6.3962268829345685
  },
  "bg_requests_per_resident_swap": 19.754716981132077,
  "bg_service_ms": {
    "p50": 2521.888256072998,
    "p90": 2924.617290496826,
    "p99": 3083.7470531463623
  },
  "bg_share_per_adapter": {
    "bg01": 0.30448901623686725,
    "bg02": 0.11404011461318052,
    "bg03": 0.1119388729703916,
    "bg04": 0.11671442215854823,
    "bg05": 0.11270296084049666,
    "bg06": 0.11996179560649475,
    "bg07": 0.120152817574021
  },
  "bg_starved_frac_10s": 0.8571428571428571,
  "bg_starved_frac_5s": 0.8571428571428571,
  "bg_ttft_ms": {
    "p50": 95.1235294342041,
    "p90": 123.16236495971681,
    "p99": 147.89041996002192
  },
  "bg_worst_adapter_queue_p99_ms": 7.083301544189443,
  "bg_worst_adapter_ttft_p99_ms": 157.22167015075684,
  "cluster_q": 4,
  "config_hash": "0d74340b2596d9410e89b318c7156320b7f0a30c",
  "contention_ticks": null,
  "contention_time_ratio": null,
  "controller_decision_us": {
    "p50": 59.90592762827873,
    "p90": 83.49912241101265,
    "p99": 111.16337962448559
  },
  "cooldown_sec": 0.5,
  "deactivate_count_total": 266,
  "deactivate_empty_prune_count": null,
  "decision_count_total": 17167,
  "decision_rate_per_s": 31.749094430571674,
  "disable_deficit": false,
  "disable_hard_gate": false,
  "disable_stability": false,
  "dispatch_switch_rate_per_s": 7.987670463426286,
  "duration_s": 600.7083353996277,
  "epoch_sec": 1.0,
  "git_sha": "unknown",
  "jain_bg": 0.8238553172231785,
  "jain_index": 0.8238553172231785,
  "k": 8,
  "lease_q": 4,
  "load_mode": "open",
  "max_active_set": 8,
  "max_resident_set": 8,
  "max_tokens": 64,
  "max_w_total": 8,
  "min_share": 0.1119388729703916,
  "min_share_bg": 0.1119388729703916,
  "ok_count_bg": 5235,
  "ok_count_vip": 486,
  "policy": "gate_rr",
  "policy_id": "gate_rr",
  "prompt_len": 64,
  "prune_then_fill_count": null,
  "quantum": 1.0,
  "requests_per_resident_swap": 21.588679245283018,
  "resident_swap_count": 265,
  "resident_swap_interval_avg_ms": null,
  "resident_swap_interval_ms": null,
  "resident_swap_per_window": null,
  "resident_swap_per_window_max": null,
  "resident_swap_rate_per_s": 0.4900978635813767,
  "resident_swap_window_s": null,
  "resident_switch_event_count": 531,
  "resident_switch_event_rate_per_s": 0.9820451530630605,
  "resident_switch_rate_per_s": 0.9820451530630605,
  "resident_violation_count": 0,
  "run_id": "seed=102__K=8__ts=20260119-151644__git=unknown__cfg=0d7434",
  "seed": 102,
  "start_vllm": false,
  "switch_blocked_budget_rate_per_s": null,
  "switch_blocked_budget_total": null,
  "switch_blocked_cooldown_rate_per_s": null,
  "switch_blocked_cooldown_total": null,
  "switch_budget": 4,
  "switch_rate_per_s": 0.9820451530630605,
  "think_time_s": 0.0,
  "throughput_rps": 10.580565575656815,
  "total_ticks": null,
  "vip_adapter_cnt": 1,
  "vip_adapters": [
    "vip"
  ],
  "vip_boost": 1.0,
  "vip_concurrency": 1,
  "vip_e2e_ms": {
    "p50": 788.3535623550415,
    "p90": 2027.0264148712158,
    "p99": 2407.483911514282
  },
  "vip_engine_ms": {
    "p50": 41.33641719818115,
    "p90": 104.8508882522583,
    "p99": 130.17985820770264
  },
  "vip_queue_ms": {
    "p50": 0.7113218307495117,
    "p90": 1.118779182434082,
    "p99": 4.790318012237546
  },
  "vip_service_ms": {
    "p50": 787.4171733856201,
    "p90": 2026.2670516967773,
    "p99": 2406.268346309662
  },
  "vip_ttft_ms": {
    "p50": 41.950345039367676,
    "p90": 105.8664321899414,
    "p99": 132.57803916931152
  },
  "vllm_gpu_util": 0.85,
  "vllm_max_cpu_loras": 8,
  "vllm_max_lora_rank": 128,
  "vllm_max_loras": 8,
  "vllm_max_model_len": 4096,
  "vllm_model": "/path/to/model",
  "warmup_s": 60,
  "workload_id": "W2_phase_hol_rps3_p2048_split_M8"
}
