{
  "activate_accepted_total": null,
  "activate_attempted_fill": null,
  "activate_attempted_replace": null,
  "activate_attempted_total": null,
  "activate_blocked_budget": null,
  "activate_blocked_cooldown": null,
  "activate_blocked_gate": null,
  "activate_bypassed_liveness": null,
  "activate_bypassed_non_contention": null,
  "activate_count_total": null,
  "actual_arrival_rps_bg": 9.506247883497586,
  "actual_arrival_rps_vip": 0.9824479614903111,
  "arrival_count_bg": 5138,
  "arrival_count_vip": 531,
  "arrival_rate_bg": 0.5,
  "arrival_rate_vip": 1.0,
  "avg_active_set": 0.0,
  "avg_resident_set": 6.354795084377021,
  "bg_adapter_cnt": 7,
  "bg_adapter_cnt_actual": 7,
  "bg_adapters": [
    "bg01",
    "bg02",
    "bg03",
    "bg04",
    "bg05",
    "bg06",
    "bg07"
  ],
  "bg_avg_max_gap_s": 173.14285714285714,
  "bg_cap": 1,
  "bg_concurrency": 1,
  "bg_e2e_ms": {
    "p50": 2157.3166847229004,
    "p90": 12267.792129516603,
    "p99": 22186.444916725162
  },
  "bg_engine_ms": {
    "p50": 103.9576530456543,
    "p90": 9780.7665348053,
    "p99": 19491.233789920807
  },
  "bg_max_gap_s": 200.0,
  "bg_ok_per_adapter": {
    "bg01": 1599,
    "bg02": 607,
    "bg03": 604,
    "bg04": 561,
    "bg05": 593,
    "bg06": 576,
    "bg07": 598
  },
  "bg_queue_ms": {
    "p50": 0.8314847946166992,
    "p90": 1307.4577569961552,
    "p99": 2356.5046811103825
  },
  "bg_requests_per_resident_swap": null,
  "bg_service_ms": {
    "p50": 1825.3759145736694,
    "p90": 11828.652715682985,
    "p99": 21679.580535888676
  },
  "bg_share_per_adapter": {
    "bg01": 0.3112105877773453,
    "bg02": 0.11813935383417672,
    "bg03": 0.11755546905410666,
    "bg04": 0.10918645387310237,
    "bg05": 0.11541455819384974,
    "bg06": 0.11210587777345271,
    "bg07": 0.11638769949396652
  },
  "bg_starved_frac_10s": 1.0,
  "bg_starved_frac_5s": 1.0,
  "bg_ttft_ms": {
    "p50": 492.5144910812378,
    "p90": 10208.948516845703,
    "p99": 19952.313215732578
  },
  "bg_worst_adapter_queue_p99_ms": 2528.896570205688,
  "bg_worst_adapter_ttft_p99_ms": 25863.544933795925,
  "cluster_q": 4,
  "config_hash": "cfe3c43004e0a8d121a178ea8881f929f62a5643",
  "contention_ticks": null,
  "contention_time_ratio": null,
  "controller_decision_us": {
    "p50": 5.44404610991478,
    "p90": 9.50060784816742,
    "p99": 11.925119906663895
  },
  "cooldown_sec": 0.5,
  "deactivate_count_total": null,
  "deactivate_empty_prune_count": null,
  "decision_count_total": 13474,
  "decision_rate_per_s": 24.92938574975603,
  "disable_deficit": false,
  "disable_hard_gate": false,
  "disable_stability": false,
  "dispatch_switch_rate_per_s": 7.866984429862152,
  "duration_s": 600.4866423606873,
  "epoch_sec": 1.0,
  "git_sha": "unknown",
  "jain_bg": 0.8117609479152855,
  "jain_index": 0.8117609479152855,
  "k": 4,
  "lease_q": 4,
  "load_mode": "open",
  "max_active_set": 0,
  "max_resident_set": 8,
  "max_tokens": 64,
  "max_w_total": 8,
  "min_share": 0.10918645387310237,
  "min_share_bg": 0.10918645387310237,
  "offered_bg_rps_each": 0.5,
  "offered_vip_rps": 1.0,
  "ok_count_bg": 5138,
  "ok_count_vip": 531,
  "policy": "vanilla",
  "policy_id": "vanilla",
  "prompt_len": 64,
  "prune_then_fill_count": null,
  "quantum": 1.0,
  "requests_per_resident_swap": null,
  "resident_swap_count": null,
  "resident_swap_interval_avg_ms": null,
  "resident_swap_interval_ms": null,
  "resident_swap_per_window": null,
  "resident_swap_per_window_max": null,
  "resident_swap_rate_per_s": null,
  "resident_swap_window_s": null,
  "resident_switch_event_count": null,
  "resident_switch_event_rate_per_s": null,
  "resident_switch_rate_per_s": null,
  "resident_violation_count": null,
  "run_id": "seed=101__K=4__ts=20260119-030513__git=unknown__cfg=cfe3c4",
  "seed": 101,
  "start_vllm": false,
  "switch_blocked_budget_rate_per_s": null,
  "switch_blocked_budget_total": null,
  "switch_blocked_cooldown_rate_per_s": null,
  "switch_blocked_cooldown_total": null,
  "switch_budget": 4,
  "switch_rate_per_s": null,
  "think_time_s": 0.0,
  "throughput_rps": 10.488695844987896,
  "total_ticks": null,
  "vip_adapter_cnt": 1,
  "vip_adapters": [
    "vip"
  ],
  "vip_boost": 1.0,
  "vip_concurrency": 1,
  "vip_e2e_ms": {
    "p50": 777.6706218719482,
    "p90": 11860.453128814697,
    "p99": 22072.233533859348
  },
  "vip_engine_ms": {
    "p50": 40.34090042114258,
    "p90": 10072.842359542847,
    "p99": 20598.80456924446
  },
  "vip_queue_ms": {
    "p50": 0.7004737854003906,
    "p90": 628.3969879150391,
    "p99": 2001.8450260162379
  },
  "vip_service_ms": {
    "p50": 776.9558429718018,
    "p90": 11386.583805084229,
    "p99": 22070.92816829691
  },
  "vip_ttft_ms": {
    "p50": 40.95768928527832,
    "p90": 10348.325967788696,
    "p99": 20600.1099348069
  },
  "vllm_gpu_util": 0.85,
  "vllm_max_cpu_loras": 5,
  "vllm_max_lora_rank": 128,
  "vllm_max_loras": 4,
  "vllm_max_model_len": 4096,
  "vllm_model": "/path/to/model",
  "warmup_s": 60,
  "workload_id": "W2_phase_hol_rps3_p2048_split_M8"
}