{
  "activate_accepted_total": null,
  "activate_attempted_fill": null,
  "activate_attempted_replace": null,
  "activate_attempted_total": null,
  "activate_blocked_budget": null,
  "activate_blocked_cooldown": null,
  "activate_blocked_gate": null,
  "activate_bypassed_liveness": null,
  "activate_bypassed_non_contention": null,
  "activate_count_total": 283,
  "actual_arrival_rps_bg": 9.683026002274037,
  "actual_arrival_rps_vip": 0.8987682652989271,
  "arrival_count_bg": 5236,
  "arrival_count_vip": 486,
  "arrival_rate_bg": 0.5,
  "arrival_rate_vip": 1.0,
  "avg_active_set": 3.4530312736590765,
  "avg_resident_set": 3.4530312736590765,
  "bg_adapter_cnt": 7,
  "bg_adapter_cnt_actual": 7,
  "bg_adapters": [
    "bg01",
    "bg02",
    "bg03",
    "bg04",
    "bg05",
    "bg06",
    "bg07"
  ],
  "bg_avg_max_gap_s": 175.28571428571428,
  "bg_cap": 1,
  "bg_concurrency": 1,
  "bg_e2e_ms": {
    "p50": 1942.9717063903809,
    "p90": 21746.612548828125,
    "p99": 47980.21185398089
  },
  "bg_engine_ms": {
    "p50": 93.10150146484375,
    "p90": 321.27201557159424,
    "p99": 573.3216166496275
  },
  "bg_max_gap_s": 198.0,
  "bg_ok_per_adapter": {
    "bg01": 1594,
    "bg02": 598,
    "bg03": 586,
    "bg04": 611,
    "bg05": 590,
    "bg06": 628,
    "bg07": 629
  },
  "bg_queue_ms": {
    "p50": 1.2816190719604492,
    "p90": 18982.99741744995,
    "p99": 45264.65829610808
  },
  "bg_requests_per_resident_swap": 18.501766784452297,
  "bg_service_ms": {
    "p50": 1850.3503799438477,
    "p90": 2968.0347442626953,
    "p99": 3195.679605007171
  },
  "bg_share_per_adapter": {
    "bg01": 0.30443086325439267,
    "bg02": 0.11420932009167303,
    "bg03": 0.11191749427043544,
    "bg04": 0.11669213139801375,
    "bg05": 0.11268143621084797,
    "bg06": 0.119938884644767,
    "bg07": 0.12012987012987013
  },
  "bg_starved_frac_10s": 1.0,
  "bg_starved_frac_5s": 1.0,
  "bg_ttft_ms": {
    "p50": 96.61436080932617,
    "p90": 19193.110823631287,
    "p99": 45471.478784084225
  },
  "bg_worst_adapter_queue_p99_ms": 56282.061004638665,
  "bg_worst_adapter_ttft_p99_ms": 56432.30048418044,
  "cluster_q": 4,
  "config_hash": "d8a649cba17e72ab1d40a20643b2cf3e6ceace5a",
  "contention_ticks": null,
  "contention_time_ratio": null,
  "controller_decision_us": {
    "p50": 47.75403067469597,
    "p90": 61.31362169981003,
    "p99": 82.81590417027454
  },
  "cooldown_sec": 0.5,
  "deactivate_count_total": 284,
  "deactivate_empty_prune_count": null,
  "decision_count_total": 16374,
  "decision_rate_per_s": 30.280723407416936,
  "disable_deficit": false,
  "disable_hard_gate": false,
  "disable_stability": false,
  "dispatch_switch_rate_per_s": 4.127676477669146,
  "duration_s": 600.740053653717,
  "epoch_sec": 1.0,
  "git_sha": "unknown",
  "jain_bg": 0.823962895531971,
  "jain_index": 0.823962895531971,
  "k": 4,
  "lease_q": 4,
  "load_mode": "open",
  "max_active_set": 4,
  "max_resident_set": 4,
  "max_tokens": 64,
  "max_w_total": 8,
  "min_share": 0.11191749427043544,
  "min_share_bg": 0.11191749427043544,
  "ok_count_bg": 5236,
  "ok_count_vip": 486,
  "policy": "gate_rr",
  "policy_id": "gate_rr",
  "prompt_len": 64,
  "prune_then_fill_count": null,
  "quantum": 1.0,
  "requests_per_resident_swap": 20.219081272084807,
  "resident_swap_count": 283,
  "resident_swap_interval_avg_ms": 3335.3763838283353,
  "resident_swap_interval_ms": {
    "p50": 1982.7990531921387,
    "p90": 7878.003835678101,
    "p99": 15651.748895645127
  },
  "resident_swap_per_window": {
    "p50": 0.0,
    "p90": 0.0,
    "p99": 2.0
  },
  "resident_swap_per_window_max": 2,
  "resident_swap_rate_per_s": 0.5233568293818855,
  "resident_swap_window_s": 1.0,
  "resident_switch_event_count": 567,
  "resident_switch_event_rate_per_s": 1.0485629761820816,
  "resident_switch_rate_per_s": 1.0485629761820816,
  "resident_violation_count": 0,
  "run_id": "seed=102__K=4__ts=20260119-034545__git=unknown__cfg=d8a649",
  "seed": 102,
  "start_vllm": false,
  "switch_blocked_budget_rate_per_s": null,
  "switch_blocked_budget_total": null,
  "switch_blocked_cooldown_rate_per_s": null,
  "switch_blocked_cooldown_total": null,
  "switch_budget": 4,
  "switch_rate_per_s": 1.0485629761820816,
  "think_time_s": 0.0,
  "throughput_rps": 10.581794267572963,
  "total_ticks": null,
  "vip_adapter_cnt": 1,
  "vip_adapters": [
    "vip"
  ],
  "vip_boost": 1.0,
  "vip_concurrency": 1,
  "vip_e2e_ms": {
    "p50": 780.6746959686279,
    "p90": 6541.408181190491,
    "p99": 12453.243386745422
  },
  "vip_engine_ms": {
    "p50": 39.795756340026855,
    "p90": 92.79406070709229,
    "p99": 126.45573616027815
  },
  "vip_queue_ms": {
    "p50": 0.7450580596923828,
    "p90": 5075.191974639893,
    "p99": 11208.182287216156
  },
  "vip_service_ms": {
    "p50": 780.136227607727,
    "p90": 1283.532977104187,
    "p99": 1922.4837183952327
  },
  "vip_ttft_ms": {
    "p50": 40.534019470214844,
    "p90": 5170.912384986877,
    "p99": 11328.780615329712
  },
  "vllm_gpu_util": 0.85,
  "vllm_max_cpu_loras": 5,
  "vllm_max_lora_rank": 128,
  "vllm_max_loras": 4,
  "vllm_max_model_len": 4096,
  "vllm_model": "/path/to/model",
  "warmup_s": 60,
  "workload_id": "W2_phase_hol_rps3_p2048_split_M8"
}
