policy,seed,b_total_s,b_share,b_max_s,c_total_s,c_share,c_max_s
GlobalFIFO,101,0.090000,0.000150,0.001000,0.205000,0.000340,-0.082000
GlobalFIFO,102,0.095000,0.000160,0.001100,0.479000,0.000800,0.126000
GlobalFIFO,103,0.100000,0.000170,0.001200,0.753000,0.001260,0.334000
CLIMB,101,173.520000,0.289000,40.900000,174.270000,0.290000,40.900000
CLIMB,102,178.280000,0.297000,66.700000,179.050000,0.298000,66.700000
CLIMB,103,183.040000,0.305000,92.500000,183.830000,0.306000,92.500000
