{
  "activate_accepted_total": null,
  "activate_attempted_fill": null,
  "activate_attempted_replace": null,
  "activate_attempted_total": null,
  "activate_blocked_budget": null,
  "activate_blocked_cooldown": null,
  "activate_blocked_gate": null,
  "activate_bypassed_liveness": null,
  "activate_bypassed_non_contention": null,
  "activate_count_total": 255,
  "actual_arrival_rps_bg": 9.923712213075397,
  "actual_arrival_rps_vip": 0.9838641254856713,
  "arrival_count_bg": 5366,
  "arrival_count_vip": 532,
  "arrival_rate_bg": 0.5,
  "arrival_rate_vip": 1.0,
  "avg_active_set": 6.303232368896926,
  "avg_resident_set": 6.303232368896926,
  "bg_adapter_cnt": 7,
  "bg_adapter_cnt_actual": 7,
  "bg_adapters": [
    "bg01",
    "bg02",
    "bg03",
    "bg04",
    "bg05",
    "bg06",
    "bg07"
  ],
  "bg_avg_max_gap_s": 170.85714285714286,
  "bg_cap": 1,
  "bg_concurrency": 1,
  "bg_e2e_ms": {
    "p50": 2537.9992723464966,
    "p90": 2904.8162698745728,
    "p99": 3148.582303524018
  },
  "bg_engine_ms": {
    "p50": 94.90370750427246,
    "p90": 123.73471260070801,
    "p99": 148.62782955169698
  },
  "bg_max_gap_s": 199.0,
  "bg_ok_per_adapter": {
    "bg01": 1736,
    "bg02": 619,
    "bg03": 565,
    "bg04": 624,
    "bg05": 615,
    "bg06": 595,
    "bg07": 612
  },
  "bg_queue_ms": {
    "p50": 0.8155107498168945,
    "p90": 2.317070960998535,
    "p99": 6.232905387878429
  },
  "bg_requests_per_resident_swap": 21.04313725490196,
  "bg_service_ms": {
    "p50": 2537.1400117874146,
    "p90": 2903.8840532302856,
    "p99": 3147.126865386963
  },
  "bg_share_per_adapter": {
    "bg01": 0.3235184494968319,
    "bg02": 0.11535594483786805,
    "bg03": 0.10529258292955647,
    "bg04": 0.11628773760715617,
    "bg05": 0.11461051062243757,
    "bg06": 0.11088333954528513,
    "bg07": 0.1140514349608647
  },
  "bg_starved_frac_10s": 0.8571428571428571,
  "bg_starved_frac_5s": 0.8571428571428571,
  "bg_ttft_ms": {
    "p50": 96.21632099151611,
    "p90": 125.17142295837402,
    "p99": 150.77402591705325
  },
  "bg_worst_adapter_queue_p99_ms": 7.108006477355952,
  "bg_worst_adapter_ttft_p99_ms": 322.83843994140864,
  "cluster_q": 4,
  "config_hash": "2d06154512e15cb8279e393ff158a99da04cc9f2",
  "contention_ticks": null,
  "contention_time_ratio": null,
  "controller_decision_us": {
    "p50": 58.540841564536095,
    "p90": 83.37991312146187,
    "p99": 111.84674222022294
  },
  "cooldown_sec": 0.5,
  "deactivate_count_total": 255,
  "deactivate_empty_prune_count": null,
  "decision_count_total": 17695,
  "decision_rate_per_s": 32.724578384340134,
  "disable_deficit": false,
  "disable_hard_gate": false,
  "disable_stability": false,
  "dispatch_switch_rate_per_s": 8.139071459139924,
  "duration_s": 600.7250719070435,
  "epoch_sec": 1.0,
  "git_sha": "unknown",
  "jain_bg": 0.7891833099616609,
  "jain_index": 0.7891833099616609,
  "k": 8,
  "lease_q": 4,
  "load_mode": "open",
  "max_active_set": 8,
  "max_resident_set": 8,
  "max_tokens": 64,
  "max_w_total": 8,
  "min_share": 0.10529258292955647,
  "min_share_bg": 0.10529258292955647,
  "offered_bg_rps_each": 0.5,
  "offered_vip_rps": 1.0,
  "ok_count_bg": 5366,
  "ok_count_vip": 532,
  "policy": "gate_rr",
  "policy_id": "gate_rr",
  "prompt_len": 64,
  "prune_then_fill_count": null,
  "quantum": 1.0,
  "requests_per_resident_swap": 23.129411764705882,
  "resident_swap_count": 255,
  "resident_swap_interval_avg_ms": null,
  "resident_swap_interval_ms": null,
  "resident_swap_per_window": null,
  "resident_swap_per_window_max": null,
  "resident_swap_rate_per_s": 0.47158900751662813,
  "resident_swap_window_s": null,
  "resident_switch_event_count": 510,
  "resident_switch_event_rate_per_s": 0.9431780150332563,
  "resident_switch_rate_per_s": 0.9431780150332563,
  "resident_violation_count": 0,
  "run_id": "seed=103__K=8__ts=20260119-152653__git=unknown__cfg=2d0615",
  "seed": 103,
  "start_vllm": false,
  "switch_blocked_budget_rate_per_s": null,
  "switch_blocked_budget_total": null,
  "switch_blocked_cooldown_rate_per_s": null,
  "switch_blocked_cooldown_total": null,
  "switch_budget": 4,
  "switch_rate_per_s": 0.9431780150332563,
  "think_time_s": 0.0,
  "throughput_rps": 10.90757633856107,
  "total_ticks": null,
  "vip_adapter_cnt": 1,
  "vip_adapters": [
    "vip"
  ],
  "vip_boost": 1.0,
  "vip_concurrency": 1,
  "vip_e2e_ms": {
    "p50": 798.6316680908203,
    "p90": 2077.757334709168,
    "p99": 2415.3959059715266
  },
  "vip_engine_ms": {
    "p50": 41.34178161621094,
    "p90": 104.8781156539917,
    "p99": 133.43344688415513
  },
  "vip_queue_ms": {
    "p50": 0.7257461547851562,
    "p90": 1.2790203094482424,
    "p99": 5.3537607192992915
  },
  "vip_service_ms": {
    "p50": 797.9682683944702,
    "p90": 2076.920294761658,
    "p99": 2414.60428237915
  },
  "vip_ttft_ms": {
    "p50": 42.31417179107666,
    "p90": 105.79478740692139,
    "p99": 134.21366214752183
  },
  "vllm_gpu_util": 0.85,
  "vllm_max_cpu_loras": 8,
  "vllm_max_lora_rank": 128,
  "vllm_max_loras": 8,
  "vllm_max_model_len": 4096,
  "vllm_model": "/path/to/model",
  "warmup_s": 60,
  "workload_id": "W2_phase_hol_rps3_p2048_split_M8"
}