{
  "activate_accepted_total": null,
  "activate_attempted_fill": null,
  "activate_attempted_replace": null,
  "activate_attempted_total": null,
  "activate_blocked_budget": null,
  "activate_blocked_cooldown": null,
  "activate_blocked_gate": null,
  "activate_bypassed_liveness": null,
  "activate_bypassed_non_contention": null,
  "activate_count_total": null,
  "actual_arrival_rps_bg": 9.685283783348758,
  "actual_arrival_rps_vip": 0.8988061712254146,
  "arrival_count_bg": 5237,
  "arrival_count_vip": 486,
  "arrival_rate_bg": 0.5,
  "arrival_rate_vip": 1.0,
  "avg_active_set": 0.0,
  "avg_resident_set": 6.421625713287527,
  "bg_adapter_cnt": 7,
  "bg_adapter_cnt_actual": 7,
  "bg_adapters": [
    "bg01",
    "bg02",
    "bg03",
    "bg04",
    "bg05",
    "bg06",
    "bg07"
  ],
  "bg_avg_max_gap_s": 171.71428571428572,
  "bg_cap": 1,
  "bg_concurrency": 1,
  "bg_e2e_ms": {
    "p50": 2283.2303047180176,
    "p90": 11551.421928405774,
    "p99": 20038.01771163942
  },
  "bg_engine_ms": {
    "p50": 113.15679550170898,
    "p90": 8915.86027145386,
    "p99": 17167.160062789928
  },
  "bg_max_gap_s": 200.0,
  "bg_ok_per_adapter": {
    "bg01": 1594,
    "bg02": 599,
    "bg03": 586,
    "bg04": 611,
    "bg05": 590,
    "bg06": 628,
    "bg07": 629
  },
  "bg_queue_ms": {
    "p50": 1.0275840759277344,
    "p90": 1348.8956928253178,
    "p99": 2815.465316772472
  },
  "bg_requests_per_resident_swap": null,
  "bg_service_ms": {
    "p50": 1848.7305641174316,
    "p90": 10897.296285629272,
    "p99": 19236.32740020753
  },
  "bg_share_per_adapter": {
    "bg01": 0.30437273248042773,
    "bg02": 0.1143784609509261,
    "bg03": 0.11189612373496277,
    "bg04": 0.11666984915027688,
    "bg05": 0.11265991980141302,
    "bg06": 0.11991598243269047,
    "bg07": 0.12010693144930304
  },
  "bg_starved_frac_10s": 1.0,
  "bg_starved_frac_5s": 1.0,
  "bg_ttft_ms": {
    "p50": 647.2182273864746,
    "p90": 9553.280210495013,
    "p99": 17988.358488082904
  },
  "bg_worst_adapter_queue_p99_ms": 3260.086269378661,
  "bg_worst_adapter_ttft_p99_ms": 20083.378043174744,
  "cluster_q": 4,
  "config_hash": "dea1cef780946b39d22541df917cc81b29c20722",
  "contention_ticks": null,
  "contention_time_ratio": null,
  "controller_decision_us": {
    "p50": 5.349051207304001,
    "p90": 9.298883378505709,
    "p99": 12.39357516169548
  },
  "cooldown_sec": 0.5,
  "deactivate_count_total": null,
  "deactivate_empty_prune_count": null,
  "decision_count_total": 12826,
  "decision_rate_per_s": 23.720345580529152,
  "disable_deficit": false,
  "disable_hard_gate": false,
  "disable_stability": false,
  "dispatch_switch_rate_per_s": 8.037472469435498,
  "duration_s": 600.7172486782074,
  "epoch_sec": 1.0,
  "git_sha": "unknown",
  "jain_bg": 0.8240701332064235,
  "jain_index": 0.8240701332064235,
  "k": 4,
  "lease_q": 4,
  "load_mode": "open",
  "max_active_set": 0,
  "max_resident_set": 8,
  "max_tokens": 64,
  "max_w_total": 8,
  "min_share": 0.11189612373496277,
  "min_share_bg": 0.11189612373496277,
  "offered_bg_rps_each": 0.5,
  "offered_vip_rps": 1.0,
  "ok_count_bg": 5237,
  "ok_count_vip": 486,
  "policy": "vanilla",
  "policy_id": "vanilla",
  "prompt_len": 64,
  "prune_then_fill_count": null,
  "quantum": 1.0,
  "requests_per_resident_swap": null,
  "resident_swap_count": null,
  "resident_swap_interval_avg_ms": null,
  "resident_swap_interval_ms": null,
  "resident_swap_per_window": null,
  "resident_swap_per_window_max": null,
  "resident_swap_rate_per_s": null,
  "resident_swap_window_s": null,
  "resident_switch_event_count": null,
  "resident_switch_event_rate_per_s": null,
  "resident_switch_rate_per_s": null,
  "resident_violation_count": null,
  "run_id": "seed=102__K=4__ts=20260119-031521__git=unknown__cfg=dea1ce",
  "seed": 102,
  "start_vllm": false,
  "switch_blocked_budget_rate_per_s": null,
  "switch_blocked_budget_total": null,
  "switch_blocked_cooldown_rate_per_s": null,
  "switch_blocked_cooldown_total": null,
  "switch_budget": 4,
  "switch_rate_per_s": null,
  "think_time_s": 0.0,
  "throughput_rps": 10.584089954574173,
  "total_ticks": null,
  "vip_adapter_cnt": 1,
  "vip_adapters": [
    "vip"
  ],
  "vip_boost": 1.0,
  "vip_concurrency": 1,
  "vip_e2e_ms": {
    "p50": 784.6777439117432,
    "p90": 23382.64298439026,
    "p99": 45437.5280976295
  },
  "vip_engine_ms": {
    "p50": 41.61787033081055,
    "p90": 21830.64579963684,
    "p99": 43917.12775230403
  },
  "vip_queue_ms": {
    "p50": 0.6985664367675781,
    "p90": 546.20361328125,
    "p99": 2196.4635133743277
  },
  "vip_service_ms": {
    "p50": 784.0844392776489,
    "p90": 23381.202459335327,
    "p99": 45436.648952960924
  },
  "vip_ttft_ms": {
    "p50": 42.23287105560303,
    "p90": 21832.086324691772,
    "p99": 43918.00689697261
  },
  "vllm_gpu_util": 0.85,
  "vllm_max_cpu_loras": 5,
  "vllm_max_lora_rank": 128,
  "vllm_max_loras": 4,
  "vllm_max_model_len": 4096,
  "vllm_model": "/path/to/model",
  "warmup_s": 60,
  "workload_id": "W2_phase_hol_rps3_p2048_split_M8"
}