{
  "activate_accepted_total": null,
  "activate_attempted_fill": null,
  "activate_attempted_replace": null,
  "activate_attempted_total": null,
  "activate_blocked_budget": null,
  "activate_blocked_cooldown": null,
  "activate_blocked_gate": null,
  "activate_bypassed_liveness": null,
  "activate_bypassed_non_contention": null,
  "activate_count_total": 299,
  "actual_arrival_rps_bg": 9.49733881516765,
  "actual_arrival_rps_vip": 0.9821006642364211,
  "arrival_count_bg": 5135,
  "arrival_count_vip": 531,
  "arrival_rate_bg": 0.5,
  "arrival_rate_vip": 1.0,
  "avg_active_set": 3.432992116719614,
  "avg_resident_set": 3.432992116719614,
  "bg_adapter_cnt": 7,
  "bg_adapter_cnt_actual": 7,
  "bg_adapters": [
    "bg01",
    "bg02",
    "bg03",
    "bg04",
    "bg05",
    "bg06",
    "bg07"
  ],
  "bg_avg_max_gap_s": 173.71428571428572,
  "bg_cap": 1,
  "bg_concurrency": 1,
  "bg_e2e_ms": {
    "p50": 1835.0622653961182,
    "p90": 19708.56037139893,
    "p99": 38027.15342521666
  },
  "bg_engine_ms": {
    "p50": 95.0462818145752,
    "p90": 328.6740303039552,
    "p99": 528.1283807754515
  },
  "bg_max_gap_s": 200.0,
  "bg_ok_per_adapter": {
    "bg01": 1597,
    "bg02": 607,
    "bg03": 604,
    "bg04": 561,
    "bg05": 593,
    "bg06": 576,
    "bg07": 597
  },
  "bg_queue_ms": {
    "p50": 1.0497570037841797,
    "p90": 16907.461118698124,
    "p99": 35237.99226284021
  },
  "bg_requests_per_resident_swap": 17.231543624161073,
  "bg_service_ms": {
    "p50": 1762.8483772277832,
    "p90": 2906.5938472747803,
    "p99": 3154.0690517425537
  },
  "bg_share_per_adapter": {
    "bg01": 0.3110029211295034,
    "bg02": 0.11820837390457643,
    "bg03": 0.11762414800389484,
    "bg04": 0.10925024342745862,
    "bg05": 0.11548198636806231,
    "bg06": 0.1121713729308666,
    "bg07": 0.11626095423563779
  },
  "bg_starved_frac_10s": 1.0,
  "bg_starved_frac_5s": 1.0,
  "bg_ttft_ms": {
    "p50": 97.27954864501953,
    "p90": 17167.43903160096,
    "p99": 35450.70493698119
  },
  "bg_worst_adapter_queue_p99_ms": 45030.59537887573,
  "bg_worst_adapter_ttft_p99_ms": 45169.46279525757,
  "cluster_q": 4,
  "config_hash": "a34104696198c1f0661a8f3b6dab922a51e27a50",
  "contention_ticks": null,
  "contention_time_ratio": null,
  "controller_decision_us": {
    "p50": 47.438545152544975,
    "p90": 61.80736236274245,
    "p99": 86.22674271464332
  },
  "cooldown_sec": 0.5,
  "deactivate_count_total": 298,
  "deactivate_empty_prune_count": null,
  "decision_count_total": 16232,
  "decision_rate_per_s": 30.02157812031184,
  "disable_deficit": false,
  "disable_hard_gate": false,
  "disable_stability": false,
  "dispatch_switch_rate_per_s": 4.165142553409455,
  "duration_s": 600.6777729988098,
  "epoch_sec": 1.0,
  "git_sha": "unknown",
  "jain_bg": 0.8121395657080073,
  "jain_index": 0.8121395657080073,
  "k": 4,
  "lease_q": 4,
  "load_mode": "open",
  "max_active_set": 4,
  "max_resident_set": 4,
  "max_tokens": 64,
  "max_w_total": 8,
  "min_share": 0.10925024342745862,
  "min_share_bg": 0.10925024342745862,
  "offered_bg_rps_each": 0.5,
  "offered_vip_rps": 1.0,
  "ok_count_bg": 5135,
  "ok_count_vip": 531,
  "policy": "gate_rr",
  "policy_id": "gate_rr",
  "prompt_len": 64,
  "prune_then_fill_count": null,
  "quantum": 1.0,
  "requests_per_resident_swap": 19.013422818791945,
  "resident_swap_count": 298,
  "resident_swap_interval_avg_ms": 3455.1175709428458,
  "resident_swap_interval_ms": {
    "p50": 1481.5161228179932,
    "p90": 7637.683296203614,
    "p99": 16852.584152221676
  },
  "resident_swap_per_window": {
    "p50": 0.0,
    "p90": 0.0,
    "p99": 2.0
  },
  "resident_swap_per_window_max": 3,
  "resident_swap_rate_per_s": 0.5511600714547147,
  "resident_swap_window_s": 1.0,
  "resident_switch_event_count": 597,
  "resident_switch_event_rate_per_s": 1.1041696733505524,
  "resident_switch_rate_per_s": 1.1041696733505524,
  "resident_violation_count": 0,
  "run_id": "seed=101__K=4__ts=20260119-033537__git=unknown__cfg=a34104",
  "seed": 101,
  "start_vllm": false,
  "switch_blocked_budget_rate_per_s": null,
  "switch_blocked_budget_total": null,
  "switch_blocked_cooldown_rate_per_s": null,
  "switch_blocked_cooldown_total": null,
  "switch_budget": 4,
  "switch_rate_per_s": 1.1041696733505524,
  "think_time_s": 0.0,
  "throughput_rps": 10.479439479404071,
  "total_ticks": null,
  "vip_adapter_cnt": 1,
  "vip_adapters": [
    "vip"
  ],
  "vip_boost": 1.0,
  "vip_concurrency": 1,
  "vip_e2e_ms": {
    "p50": 776.6785621643066,
    "p90": 6119.976043701172,
    "p99": 18601.127886772225
  },
  "vip_engine_ms": {
    "p50": 40.6031608581543,
    "p90": 90.89183807373047,
    "p99": 119.82727050781286
  },
  "vip_queue_ms": {
    "p50": 0.7271766662597656,
    "p90": 5030.681371688843,
    "p99": 17441.660237312386
  },
  "vip_service_ms": {
    "p50": 775.8224010467529,
    "p90": 1216.174602508545,
    "p99": 2003.6025762557988
  },
  "vip_ttft_ms": {
    "p50": 41.13197326660156,
    "p90": 5122.130870819092,
    "p99": 17525.377202034066
  },
  "vllm_gpu_util": 0.85,
  "vllm_max_cpu_loras": 5,
  "vllm_max_lora_rank": 128,
  "vllm_max_loras": 4,
  "vllm_max_model_len": 4096,
  "vllm_model": "/path/to/model",
  "warmup_s": 60,
  "workload_id": "W2_phase_hol_rps3_p2048_split_M8"
}