{
  "activate_accepted_total": null,
  "activate_attempted_fill": null,
  "activate_attempted_replace": null,
  "activate_attempted_total": null,
  "activate_blocked_budget": null,
  "activate_blocked_cooldown": null,
  "activate_blocked_gate": null,
  "activate_bypassed_liveness": null,
  "activate_bypassed_non_contention": null,
  "activate_count_total": 287,
  "actual_arrival_rps_bg": 9.499878030354756,
  "actual_arrival_rps_vip": 0.9819807736263141,
  "arrival_count_bg": 5137,
  "arrival_count_vip": 531,
  "arrival_rate_bg": 0.5,
  "arrival_rate_vip": 1.0,
  "avg_active_set": 6.3584073398811976,
  "avg_resident_set": 6.3584073398811976,
  "bg_adapter_cnt": 7,
  "bg_adapter_cnt_actual": 7,
  "bg_adapters": [
    "bg01",
    "bg02",
    "bg03",
    "bg04",
    "bg05",
    "bg06",
    "bg07"
  ],
  "bg_avg_max_gap_s": 170.85714285714286,
  "bg_cap": 1,
  "bg_concurrency": 1,
  "bg_e2e_ms": {
    "p50": 2479.696750640869,
    "p90": 2860.255479812622,
    "p99": 3061.145820617676
  },
  "bg_engine_ms": {
    "p50": 93.55568885803223,
    "p90": 120.57437896728516,
    "p99": 142.15659141540527
  },
  "bg_max_gap_s": 199.0,
  "bg_ok_per_adapter": {
    "bg01": 1597,
    "bg02": 607,
    "bg03": 604,
    "bg04": 562,
    "bg05": 593,
    "bg06": 576,
    "bg07": 598
  },
  "bg_queue_ms": {
    "p50": 0.7939338684082031,
    "p90": 2.111911773681641,
    "p99": 5.446662902832032
  },
  "bg_requests_per_resident_swap": 17.96153846153846,
  "bg_service_ms": {
    "p50": 2478.6853790283203,
    "p90": 2858.5610389709473,
    "p99": 3060.124082565308
  },
  "bg_share_per_adapter": {
    "bg01": 0.3108818376484329,
    "bg02": 0.11816235156706249,
    "bg03": 0.11757835312439167,
    "bg04": 0.1094023749270002,
    "bg05": 0.11543702550126533,
    "bg06": 0.11212770099279736,
    "bg07": 0.11641035623905002
  },
  "bg_starved_frac_10s": 0.8571428571428571,
  "bg_starved_frac_5s": 0.8571428571428571,
  "bg_ttft_ms": {
    "p50": 94.76804733276367,
    "p90": 121.70820236206056,
    "p99": 143.1884384155274
  },
  "bg_worst_adapter_queue_p99_ms": 6.036839485168455,
  "bg_worst_adapter_ttft_p99_ms": 152.86515712738043,
  "cluster_q": 4,
  "config_hash": "dbd5667bc7d2f1839e9e7f6f51495c1dbb5a5fe8",
  "contention_ticks": null,
  "contention_time_ratio": null,
  "controller_decision_us": {
    "p50": 58.78740921616554,
    "p90": 82.2925940155983,
    "p99": 109.8529063165187
  },
  "cooldown_sec": 0.5,
  "deactivate_count_total": 286,
  "deactivate_empty_prune_count": null,
  "decision_count_total": 17002,
  "decision_rate_per_s": 31.44187780262635,
  "disable_deficit": false,
  "disable_hard_gate": false,
  "disable_stability": false,
  "dispatch_switch_rate_per_s": 7.905777414788123,
  "duration_s": 600.7437846660614,
  "epoch_sec": 1.0,
  "git_sha": "unknown",
  "jain_bg": 0.8123663315676241,
  "jain_index": 0.8123663315676241,
  "k": 8,
  "lease_q": 4,
  "load_mode": "open",
  "max_active_set": 8,
  "max_resident_set": 8,
  "max_tokens": 64,
  "max_w_total": 8,
  "min_share": 0.1094023749270002,
  "min_share_bg": 0.1094023749270002,
  "offered_bg_rps_each": 0.5,
  "offered_vip_rps": 1.0,
  "ok_count_bg": 5137,
  "ok_count_vip": 531,
  "policy": "gate_rr",
  "policy_id": "gate_rr",
  "prompt_len": 64,
  "prune_then_fill_count": null,
  "quantum": 1.0,
  "requests_per_resident_swap": 19.818181818181817,
  "resident_swap_count": 286,
  "resident_swap_interval_avg_ms": null,
  "resident_swap_interval_ms": null,
  "resident_swap_per_window": null,
  "resident_swap_per_window_max": null,
  "resident_swap_rate_per_s": 0.5289011323109715,
  "resident_swap_window_s": null,
  "resident_switch_event_count": 573,
  "resident_switch_event_rate_per_s": 1.059651569280373,
  "resident_switch_rate_per_s": 1.059651569280373,
  "resident_violation_count": 0,
  "run_id": "seed=101__K=8__ts=20260119-150636__git=unknown__cfg=dbd566",
  "seed": 101,
  "start_vllm": false,
  "switch_blocked_budget_rate_per_s": null,
  "switch_blocked_budget_total": null,
  "switch_blocked_cooldown_rate_per_s": null,
  "switch_blocked_cooldown_total": null,
  "switch_budget": 4,
  "switch_rate_per_s": 1.059651569280373,
  "think_time_s": 0.0,
  "throughput_rps": 10.481858803981071,
  "total_ticks": null,
  "vip_adapter_cnt": 1,
  "vip_adapters": [
    "vip"
  ],
  "vip_boost": 1.0,
  "vip_concurrency": 1,
  "vip_e2e_ms": {
    "p50": 787.865161895752,
    "p90": 1763.585090637207,
    "p99": 2363.9435529708876
  },
  "vip_engine_ms": {
    "p50": 40.47441482543945,
    "p90": 101.89533233642578,
    "p99": 124.51474666595462
  },
  "vip_queue_ms": {
    "p50": 0.7195472717285156,
    "p90": 0.9801387786865234,
    "p99": 5.4722309112549254
  },
  "vip_service_ms": {
    "p50": 787.1658802032471,
    "p90": 1762.7382278442383,
    "p99": 2362.799906730653
  },
  "vip_ttft_ms": {
    "p50": 41.14484786987305,
    "p90": 102.42819786071777,
    "p99": 125.12600421905519
  },
  "vllm_gpu_util": 0.85,
  "vllm_max_cpu_loras": 8,
  "vllm_max_lora_rank": 128,
  "vllm_max_loras": 8,
  "vllm_max_model_len": 4096,
  "vllm_model": "/path/to/model",
  "warmup_s": 60,
  "workload_id": "W2_phase_hol_rps3_p2048_split_M8"
}