{
  "activate_accepted_total": null,
  "activate_attempted_fill": null,
  "activate_attempted_replace": null,
  "activate_attempted_total": null,
  "activate_blocked_budget": null,
  "activate_blocked_cooldown": null,
  "activate_blocked_gate": null,
  "activate_bypassed_liveness": null,
  "activate_bypassed_non_contention": null,
  "activate_count_total": null,
  "actual_arrival_rps_bg": 9.923148935681418,
  "actual_arrival_rps_vip": 0.9839916558774491,
  "arrival_count_bg": 5365,
  "arrival_count_vip": 532,
  "arrival_rate_bg": 0.5,
  "arrival_rate_vip": 1.0,
  "avg_active_set": 0.0,
  "avg_resident_set": 6.279545582998926,
  "bg_adapter_cnt": 7,
  "bg_adapter_cnt_actual": 7,
  "bg_adapters": [
    "bg01",
    "bg02",
    "bg03",
    "bg04",
    "bg05",
    "bg06",
    "bg07"
  ],
  "bg_avg_max_gap_s": 170.85714285714286,
  "bg_cap": 1,
  "bg_concurrency": 1,
  "bg_e2e_ms": {
    "p50": 2540.2235984802246,
    "p90": 2947.7309703826904,
    "p99": 3133.091249465942
  },
  "bg_engine_ms": {
    "p50": 93.15967559814453,
    "p90": 123.97737503051758,
    "p99": 151.05456352233884
  },
  "bg_max_gap_s": 199.0,
  "bg_ok_per_adapter": {
    "bg01": 1736,
    "bg02": 619,
    "bg03": 565,
    "bg04": 623,
    "bg05": 615,
    "bg06": 595,
    "bg07": 612
  },
  "bg_queue_ms": {
    "p50": 0.78582763671875,
    "p90": 2.094221115112305,
    "p99": 6.517028808593745
  },
  "bg_requests_per_resident_swap": null,
  "bg_service_ms": {
    "p50": 2538.8755798339844,
    "p90": 2946.214818954468,
    "p99": 3131.7135524749747
  },
  "bg_share_per_adapter": {
    "bg01": 0.32357875116495805,
    "bg02": 0.11537744641192917,
    "bg03": 0.10531220876048462,
    "bg04": 0.11612301957129544,
    "bg05": 0.11463187325256291,
    "bg06": 0.11090400745573159,
    "bg07": 0.11407269338303822
  },
  "bg_starved_frac_10s": 0.8571428571428571,
  "bg_starved_frac_5s": 0.8571428571428571,
  "bg_ttft_ms": {
    "p50": 94.28644180297852,
    "p90": 125.10218620300293,
    "p99": 153.16311836242667
  },
  "bg_worst_adapter_queue_p99_ms": 8.416399955749515,
  "bg_worst_adapter_ttft_p99_ms": 321.45558357238997,
  "cluster_q": 4,
  "config_hash": "94ab42d4ee609cb7dc730491eab83062f603c963",
  "contention_ticks": null,
  "contention_time_ratio": null,
  "controller_decision_us": {
    "p50": 4.834961146116257,
    "p90": 6.912648677825929,
    "p99": 8.210148662328718
  },
  "cooldown_sec": 0.5,
  "deactivate_count_total": null,
  "deactivate_empty_prune_count": null,
  "decision_count_total": 17692,
  "decision_rate_per_s": 32.723271383052314,
  "disable_deficit": false,
  "disable_hard_gate": false,
  "disable_stability": false,
  "dispatch_switch_rate_per_s": 8.108683119110408,
  "duration_s": 600.6549911499023,
  "epoch_sec": 1.0,
  "git_sha": "unknown",
  "jain_bg": 0.7890779774178465,
  "jain_index": 0.7890779774178465,
  "k": 8,
  "lease_q": 4,
  "load_mode": "open",
  "max_active_set": 0,
  "max_resident_set": 8,
  "max_tokens": 64,
  "max_w_total": 8,
  "min_share": 0.10531220876048462,
  "min_share_bg": 0.10531220876048462,
  "ok_count_bg": 5365,
  "ok_count_vip": 532,
  "policy": "vanilla",
  "policy_id": "vanilla",
  "prompt_len": 64,
  "prune_then_fill_count": null,
  "quantum": 1.0,
  "requests_per_resident_swap": null,
  "resident_swap_count": null,
  "resident_swap_interval_avg_ms": null,
  "resident_swap_interval_ms": null,
  "resident_swap_per_window": null,
  "resident_swap_per_window_max": null,
  "resident_swap_rate_per_s": null,
  "resident_swap_window_s": null,
  "resident_switch_event_count": null,
  "resident_switch_event_rate_per_s": null,
  "resident_switch_rate_per_s": null,
  "resident_violation_count": null,
  "run_id": "seed=103__K=8__ts=20260119-145628__git=unknown__cfg=94ab42",
  "seed": 103,
  "start_vllm": false,
  "switch_blocked_budget_rate_per_s": null,
  "switch_blocked_budget_total": null,
  "switch_blocked_cooldown_rate_per_s": null,
  "switch_blocked_cooldown_total": null,
  "switch_budget": 4,
  "switch_rate_per_s": null,
  "think_time_s": 0.0,
  "throughput_rps": 10.907140591558868,
  "total_ticks": null,
  "vip_adapter_cnt": 1,
  "vip_adapters": [
    "vip"
  ],
  "vip_boost": 1.0,
  "vip_concurrency": 1,
  "vip_e2e_ms": {
    "p50": 795.6706285476685,
    "p90": 2131.6910743713383,
    "p99": 2408.72787952423
  },
  "vip_engine_ms": {
    "p50": 41.36192798614502,
    "p90": 106.73270225524904,
    "p99": 132.73859500885
  },
  "vip_queue_ms": {
    "p50": 0.7168054580688477,
    "p90": 1.077699661254883,
    "p99": 3.9579868316650124
  },
  "vip_service_ms": {
    "p50": 795.1451539993286,
    "p90": 2130.8669090271,
    "p99": 2407.992069721221
  },
  "vip_ttft_ms": {
    "p50": 41.96929931640625,
    "p90": 108.34147930145267,
    "p99": 133.8551402091979
  },
  "vllm_gpu_util": 0.85,
  "vllm_max_cpu_loras": 8,
  "vllm_max_lora_rank": 128,
  "vllm_max_loras": 8,
  "vllm_max_model_len": 4096,
  "vllm_model": "/path/to/model",
  "warmup_s": 60,
  "workload_id": "W2_phase_hol_rps3_p2048_split_M8"
}
