{
  "activate_accepted_total": null,
  "activate_attempted_fill": null,
  "activate_attempted_replace": null,
  "activate_attempted_total": null,
  "activate_blocked_budget": null,
  "activate_blocked_cooldown": null,
  "activate_blocked_gate": null,
  "activate_bypassed_liveness": null,
  "activate_bypassed_non_contention": null,
  "activate_count_total": null,
  "actual_arrival_rps_bg": 9.925682272300056,
  "actual_arrival_rps_vip": 0.9840594425761516,
  "arrival_count_bg": 5366,
  "arrival_count_vip": 532,
  "arrival_rate_bg": 0.5,
  "arrival_rate_vip": 1.0,
  "avg_active_set": 0.0,
  "avg_resident_set": 6.349985871715174,
  "bg_adapter_cnt": 7,
  "bg_adapter_cnt_actual": 7,
  "bg_adapters": [
    "bg01",
    "bg02",
    "bg03",
    "bg04",
    "bg05",
    "bg06",
    "bg07"
  ],
  "bg_avg_max_gap_s": 171.71428571428572,
  "bg_cap": 1,
  "bg_concurrency": 1,
  "bg_e2e_ms": {
    "p50": 2424.5059490203857,
    "p90": 10916.017889976501,
    "p99": 24733.64710807807
  },
  "bg_engine_ms": {
    "p50": 104.34067249298096,
    "p90": 7849.797606468201,
    "p99": 22360.711789131165
  },
  "bg_max_gap_s": 199.0,
  "bg_ok_per_adapter": {
    "bg01": 1736,
    "bg02": 619,
    "bg03": 565,
    "bg04": 624,
    "bg05": 615,
    "bg06": 595,
    "bg07": 612
  },
  "bg_queue_ms": {
    "p50": 1.2558698654174805,
    "p90": 1714.966893196106,
    "p99": 3003.3441901206975
  },
  "bg_requests_per_resident_swap": null,
  "bg_service_ms": {
    "p50": 1814.829707145691,
    "p90": 9781.921863555908,
    "p99": 24423.188900947607
  },
  "bg_share_per_adapter": {
    "bg01": 0.3235184494968319,
    "bg02": 0.11535594483786805,
    "bg03": 0.10529258292955647,
    "bg04": 0.11628773760715617,
    "bg05": 0.11461051062243757,
    "bg06": 0.11088333954528513,
    "bg07": 0.1140514349608647
  },
  "bg_starved_frac_10s": 1.0,
  "bg_starved_frac_5s": 1.0,
  "bg_ttft_ms": {
    "p50": 802.568793296814,
    "p90": 8916.70835018158,
    "p99": 22582.378530502396
  },
  "bg_worst_adapter_queue_p99_ms": 3131.461582183838,
  "bg_worst_adapter_ttft_p99_ms": 26820.71635484695,
  "cluster_q": 4,
  "config_hash": "97d704d018514f2b016f38d0fa8cda3d32445d9f",
  "contention_ticks": null,
  "contention_time_ratio": null,
  "controller_decision_us": {
    "p50": 5.640089511871338,
    "p90": 9.528081864118576,
    "p99": 11.668372899293926
  },
  "cooldown_sec": 0.5,
  "deactivate_count_total": null,
  "deactivate_empty_prune_count": null,
  "decision_count_total": 12895,
  "decision_rate_per_s": 23.85234306770578,
  "disable_deficit": false,
  "disable_hard_gate": false,
  "disable_stability": false,
  "dispatch_switch_rate_per_s": 8.140687230785044,
  "duration_s": 600.617748260498,
  "epoch_sec": 1.0,
  "git_sha": "unknown",
  "jain_bg": 0.7891833099616609,
  "jain_index": 0.7891833099616609,
  "k": 4,
  "lease_q": 4,
  "load_mode": "open",
  "max_active_set": 0,
  "max_resident_set": 8,
  "max_tokens": 64,
  "max_w_total": 8,
  "min_share": 0.10529258292955647,
  "min_share_bg": 0.10529258292955647,
  "offered_bg_rps_each": 0.5,
  "offered_vip_rps": 1.0,
  "ok_count_bg": 5366,
  "ok_count_vip": 532,
  "policy": "vanilla",
  "policy_id": "vanilla",
  "prompt_len": 64,
  "prune_then_fill_count": null,
  "quantum": 1.0,
  "requests_per_resident_swap": null,
  "resident_swap_count": null,
  "resident_swap_interval_avg_ms": null,
  "resident_swap_interval_ms": null,
  "resident_swap_per_window": null,
  "resident_swap_per_window_max": null,
  "resident_swap_rate_per_s": null,
  "resident_swap_window_s": null,
  "resident_switch_event_count": null,
  "resident_switch_event_rate_per_s": null,
  "resident_switch_rate_per_s": null,
  "resident_violation_count": null,
  "run_id": "seed=103__K=4__ts=20260119-032529__git=unknown__cfg=97d704",
  "seed": 103,
  "start_vllm": false,
  "switch_blocked_budget_rate_per_s": null,
  "switch_blocked_budget_total": null,
  "switch_blocked_cooldown_rate_per_s": null,
  "switch_blocked_cooldown_total": null,
  "switch_budget": 4,
  "switch_rate_per_s": null,
  "think_time_s": 0.0,
  "throughput_rps": 10.909741714876208,
  "total_ticks": null,
  "vip_adapter_cnt": 1,
  "vip_adapters": [
    "vip"
  ],
  "vip_boost": 1.0,
  "vip_concurrency": 1,
  "vip_e2e_ms": {
    "p50": 789.8788452148438,
    "p90": 25250.880765914924,
    "p99": 53212.18126773829
  },
  "vip_engine_ms": {
    "p50": 40.22848606109619,
    "p90": 23500.539588928226,
    "p99": 50768.71754884707
  },
  "vip_queue_ms": {
    "p50": 0.7035732269287109,
    "p90": 1066.8241500854497,
    "p99": 2088.439431190481
  },
  "vip_service_ms": {
    "p50": 789.247989654541,
    "p90": 25026.02272033692,
    "p99": 52375.16963958727
  },
  "vip_ttft_ms": {
    "p50": 40.88592529296875,
    "p90": 23769.267296791088,
    "p99": 51605.72917699809
  },
  "vllm_gpu_util": 0.85,
  "vllm_max_cpu_loras": 5,
  "vllm_max_lora_rank": 128,
  "vllm_max_loras": 4,
  "vllm_max_model_len": 4096,
  "vllm_model": "/path/to/model",
  "warmup_s": 60,
  "workload_id": "W2_phase_hol_rps3_p2048_split_M8"
}