{
  "activate_accepted_total": null,
  "activate_attempted_fill": null,
  "activate_attempted_replace": null,
  "activate_attempted_total": null,
  "activate_blocked_budget": null,
  "activate_blocked_cooldown": null,
  "activate_blocked_gate": null,
  "activate_bypassed_liveness": null,
  "activate_bypassed_non_contention": null,
  "activate_count_total": null,
  "actual_arrival_rps_bg": 9.684985901385389,
  "actual_arrival_rps_vip": 0.8987785274151802,
  "arrival_count_bg": 5237,
  "arrival_count_vip": 486,
  "arrival_rate_bg": 0.5,
  "arrival_rate_vip": 1.0,
  "avg_active_set": 0.0,
  "avg_resident_set": 6.399615698148364,
  "bg_adapter_cnt": 7,
  "bg_adapter_cnt_actual": 7,
  "bg_adapters": [
    "bg01",
    "bg02",
    "bg03",
    "bg04",
    "bg05",
    "bg06",
    "bg07"
  ],
  "bg_avg_max_gap_s": 170.71428571428572,
  "bg_cap": 1,
  "bg_concurrency": 1,
  "bg_e2e_ms": {
    "p50": 2535.945177078247,
    "p90": 2917.396354675293,
    "p99": 3145.3079795837407
  },
  "bg_engine_ms": {
    "p50": 94.71940994262695,
    "p90": 123.11162948608398,
    "p99": 147.26070404052746
  },
  "bg_max_gap_s": 199.0,
  "bg_ok_per_adapter": {
    "bg01": 1594,
    "bg02": 599,
    "bg03": 586,
    "bg04": 611,
    "bg05": 590,
    "bg06": 628,
    "bg07": 629
  },
  "bg_queue_ms": {
    "p50": 0.7784366607666016,
    "p90": 2.0066261291504013,
    "p99": 5.7330513000488414
  },
  "bg_requests_per_resident_swap": null,
  "bg_service_ms": {
    "p50": 2534.518003463745,
    "p90": 2916.641330718994,
    "p99": 3144.4817733764653
  },
  "bg_share_per_adapter": {
    "bg01": 0.30437273248042773,
    "bg02": 0.1143784609509261,
    "bg03": 0.11189612373496277,
    "bg04": 0.11666984915027688,
    "bg05": 0.11265991980141302,
    "bg06": 0.11991598243269047,
    "bg07": 0.12010693144930304
  },
  "bg_starved_frac_10s": 0.8571428571428571,
  "bg_starved_frac_5s": 0.8571428571428571,
  "bg_ttft_ms": {
    "p50": 95.86048126220703,
    "p90": 124.32985305786134,
    "p99": 148.713960647583
  },
  "bg_worst_adapter_queue_p99_ms": 6.138753890991217,
  "bg_worst_adapter_ttft_p99_ms": 160.65060615539576,
  "cluster_q": 4,
  "config_hash": "c9df59d0ed1018b107313bce114da80a65420d8b",
  "contention_ticks": null,
  "contention_time_ratio": null,
  "controller_decision_us": {
    "p50": 4.400033503770828,
    "p90": 6.2659382820129395,
    "p99": 7.54023902118206
  },
  "cooldown_sec": 0.5,
  "deactivate_count_total": null,
  "deactivate_empty_prune_count": null,
  "decision_count_total": 17173,
  "decision_rate_per_s": 31.75869064053681,
  "disable_deficit": false,
  "disable_hard_gate": false,
  "disable_stability": false,
  "dispatch_switch_rate_per_s": 8.003937174182921,
  "duration_s": 600.7338795661926,
  "epoch_sec": 1.0,
  "git_sha": "unknown",
  "jain_bg": 0.8240701332064235,
  "jain_index": 0.8240701332064235,
  "k": 8,
  "lease_q": 4,
  "load_mode": "open",
  "max_active_set": 0,
  "max_resident_set": 8,
  "max_tokens": 64,
  "max_w_total": 8,
  "min_share": 0.11189612373496277,
  "min_share_bg": 0.11189612373496277,
  "ok_count_bg": 5237,
  "ok_count_vip": 486,
  "policy": "vanilla",
  "policy_id": "vanilla",
  "prompt_len": 64,
  "prune_then_fill_count": null,
  "quantum": 1.0,
  "requests_per_resident_swap": null,
  "resident_swap_count": null,
  "resident_swap_interval_avg_ms": null,
  "resident_swap_interval_ms": null,
  "resident_swap_per_window": null,
  "resident_swap_per_window_max": null,
  "resident_swap_rate_per_s": null,
  "resident_swap_window_s": null,
  "resident_switch_event_count": null,
  "resident_switch_event_rate_per_s": null,
  "resident_switch_rate_per_s": null,
  "resident_violation_count": null,
  "run_id": "seed=102__K=8__ts=20260119-144619__git=unknown__cfg=c9df59",
  "seed": 102,
  "start_vllm": false,
  "switch_blocked_budget_rate_per_s": null,
  "switch_blocked_budget_total": null,
  "switch_blocked_cooldown_rate_per_s": null,
  "switch_blocked_cooldown_total": null,
  "switch_budget": 4,
  "switch_rate_per_s": null,
  "think_time_s": 0.0,
  "throughput_rps": 10.583764428800569,
  "total_ticks": null,
  "vip_adapter_cnt": 1,
  "vip_adapters": [
    "vip"
  ],
  "vip_boost": 1.0,
  "vip_concurrency": 1,
  "vip_e2e_ms": {
    "p50": 789.3937826156616,
    "p90": 2153.424859046936,
    "p99": 2391.5229320526123
  },
  "vip_engine_ms": {
    "p50": 41.614413261413574,
    "p90": 105.33034801483154,
    "p99": 132.9620480537414
  },
  "vip_queue_ms": {
    "p50": 0.7083415985107422,
    "p90": 1.2003183364868164,
    "p99": 5.903124809265137
  },
  "vip_service_ms": {
    "p50": 788.6538505554199,
    "p90": 2152.7994871139526,
    "p99": 2390.851044654846
  },
  "vip_ttft_ms": {
    "p50": 42.12498664855957,
    "p90": 106.13596439361572,
    "p99": 136.16160154342649
  },
  "vllm_gpu_util": 0.85,
  "vllm_max_cpu_loras": 8,
  "vllm_max_lora_rank": 128,
  "vllm_max_loras": 8,
  "vllm_max_model_len": 4096,
  "vllm_model": "/path/to/model",
  "warmup_s": 60,
  "workload_id": "W2_phase_hol_rps3_p2048_split_M8"
}
