{
  "activate_accepted_total": null,
  "activate_attempted_fill": null,
  "activate_attempted_replace": null,
  "activate_attempted_total": null,
  "activate_blocked_budget": null,
  "activate_blocked_cooldown": null,
  "activate_blocked_gate": null,
  "activate_bypassed_liveness": null,
  "activate_bypassed_non_contention": null,
  "activate_count_total": null,
  "actual_arrival_rps_bg": 9.49653501083252,
  "actual_arrival_rps_vip": 0.9820175444502567,
  "arrival_count_bg": 5135,
  "arrival_count_vip": 531,
  "arrival_rate_bg": 0.5,
  "arrival_rate_vip": 1.0,
  "avg_active_set": 0.0,
  "avg_resident_set": 6.342687374985292,
  "bg_adapter_cnt": 7,
  "bg_adapter_cnt_actual": 7,
  "bg_adapters": [
    "bg01",
    "bg02",
    "bg03",
    "bg04",
    "bg05",
    "bg06",
    "bg07"
  ],
  "bg_avg_max_gap_s": 170.71428571428572,
  "bg_cap": 1,
  "bg_concurrency": 1,
  "bg_e2e_ms": {
    "p50": 2477.58412361145,
    "p90": 2843.9459800720215,
    "p99": 3067.224440574646
  },
  "bg_engine_ms": {
    "p50": 93.65248680114746,
    "p90": 121.48489952087402,
    "p99": 143.52246761322016
  },
  "bg_max_gap_s": 199.0,
  "bg_ok_per_adapter": {
    "bg01": 1597,
    "bg02": 607,
    "bg03": 604,
    "bg04": 561,
    "bg05": 593,
    "bg06": 576,
    "bg07": 597
  },
  "bg_queue_ms": {
    "p50": 0.7874965667724609,
    "p90": 2.138090133666994,
    "p99": 5.724821090698242
  },
  "bg_requests_per_resident_swap": null,
  "bg_service_ms": {
    "p50": 2475.4045009613037,
    "p90": 2842.6805496215825,
    "p99": 3065.736246109009
  },
  "bg_share_per_adapter": {
    "bg01": 0.3110029211295034,
    "bg02": 0.11820837390457643,
    "bg03": 0.11762414800389484,
    "bg04": 0.10925024342745862,
    "bg05": 0.11548198636806231,
    "bg06": 0.1121713729308666,
    "bg07": 0.11626095423563779
  },
  "bg_starved_frac_10s": 0.8571428571428571,
  "bg_starved_frac_5s": 0.8571428571428571,
  "bg_ttft_ms": {
    "p50": 94.92993354797363,
    "p90": 122.55425453186035,
    "p99": 144.70415592193604
  },
  "bg_worst_adapter_queue_p99_ms": 6.92498207092284,
  "bg_worst_adapter_ttft_p99_ms": 152.38456726074216,
  "cluster_q": 4,
  "config_hash": "7db6a1e6590fe6ed53339e4e8e048831f7399501",
  "contention_ticks": null,
  "contention_time_ratio": null,
  "controller_decision_us": {
    "p50": 4.348810762166977,
    "p90": 6.279908120632172,
    "p99": 7.590176537632928
  },
  "cooldown_sec": 0.5,
  "deactivate_count_total": null,
  "deactivate_empty_prune_count": null,
  "decision_count_total": 16997,
  "decision_rate_per_s": 31.433808291941645,
  "disable_deficit": false,
  "disable_hard_gate": false,
  "disable_stability": false,
  "dispatch_switch_rate_per_s": 7.928265937962807,
  "duration_s": 600.7235369682312,
  "epoch_sec": 1.0,
  "git_sha": "unknown",
  "jain_bg": 0.8121395657080073,
  "jain_index": 0.8121395657080073,
  "k": 8,
  "lease_q": 4,
  "load_mode": "open",
  "max_active_set": 0,
  "max_resident_set": 8,
  "max_tokens": 64,
  "max_w_total": 8,
  "min_share": 0.10925024342745862,
  "min_share_bg": 0.10925024342745862,
  "offered_bg_rps_each": 0.5,
  "offered_vip_rps": 1.0,
  "ok_count_bg": 5135,
  "ok_count_vip": 531,
  "policy": "vanilla",
  "policy_id": "vanilla",
  "prompt_len": 64,
  "prune_then_fill_count": null,
  "quantum": 1.0,
  "requests_per_resident_swap": null,
  "resident_swap_count": null,
  "resident_swap_interval_avg_ms": null,
  "resident_swap_interval_ms": null,
  "resident_swap_per_window": null,
  "resident_swap_per_window_max": null,
  "resident_swap_rate_per_s": null,
  "resident_swap_window_s": null,
  "resident_switch_event_count": null,
  "resident_switch_event_rate_per_s": null,
  "resident_switch_rate_per_s": null,
  "resident_violation_count": null,
  "run_id": "seed=101__K=8__ts=20260119-143611__git=unknown__cfg=7db6a1",
  "seed": 101,
  "start_vllm": false,
  "switch_blocked_budget_rate_per_s": null,
  "switch_blocked_budget_total": null,
  "switch_blocked_cooldown_rate_per_s": null,
  "switch_blocked_cooldown_total": null,
  "switch_budget": 4,
  "switch_rate_per_s": null,
  "think_time_s": 0.0,
  "throughput_rps": 10.478552555282777,
  "total_ticks": null,
  "vip_adapter_cnt": 1,
  "vip_adapters": [
    "vip"
  ],
  "vip_boost": 1.0,
  "vip_concurrency": 1,
  "vip_e2e_ms": {
    "p50": 788.1622314453125,
    "p90": 1752.3002624511719,
    "p99": 2376.0095119476323
  },
  "vip_engine_ms": {
    "p50": 40.30561447143555,
    "p90": 100.71325302124023,
    "p99": 127.21469402313235
  },
  "vip_queue_ms": {
    "p50": 0.7185935974121094,
    "p90": 1.2218952178955078,
    "p99": 4.890012741088868
  },
  "vip_service_ms": {
    "p50": 787.4915599822998,
    "p90": 1750.2555847167969,
    "p99": 2375.2472639083867
  },
  "vip_ttft_ms": {
    "p50": 40.95721244812012,
    "p90": 102.34999656677246,
    "p99": 129.0566444396973
  },
  "vllm_gpu_util": 0.85,
  "vllm_max_cpu_loras": 8,
  "vllm_max_lora_rank": 128,
  "vllm_max_loras": 8,
  "vllm_max_model_len": 4096,
  "vllm_model": "/path/to/model",
  "warmup_s": 60,
  "workload_id": "W2_phase_hol_rps3_p2048_split_M8"
}