{
  "activate_accepted_total": null,
  "activate_attempted_fill": null,
  "activate_attempted_replace": null,
  "activate_attempted_total": null,
  "activate_blocked_budget": null,
  "activate_blocked_cooldown": null,
  "activate_blocked_gate": null,
  "activate_bypassed_liveness": null,
  "activate_bypassed_non_contention": null,
  "activate_count_total": 280,
  "actual_arrival_rps_bg": 9.925962189125602,
  "actual_arrival_rps_vip": 0.9840871943001902,
  "arrival_count_bg": 5366,
  "arrival_count_vip": 532,
  "arrival_rate_bg": 0.5,
  "arrival_rate_vip": 1.0,
  "avg_active_set": 3.42277479513987,
  "avg_resident_set": 3.42277479513987,
  "bg_adapter_cnt": 7,
  "bg_adapter_cnt_actual": 7,
  "bg_adapters": [
    "bg01",
    "bg02",
    "bg03",
    "bg04",
    "bg05",
    "bg06",
    "bg07"
  ],
  "bg_avg_max_gap_s": 174.14285714285714,
  "bg_cap": 1,
  "bg_concurrency": 1,
  "bg_e2e_ms": {
    "p50": 1886.0437870025635,
    "p90": 22229.03621196747,
    "p99": 39838.27149868018
  },
  "bg_engine_ms": {
    "p50": 94.21873092651367,
    "p90": 365.97347259521484,
    "p99": 566.1315441131594
  },
  "bg_max_gap_s": 200.0,
  "bg_ok_per_adapter": {
    "bg01": 1736,
    "bg02": 619,
    "bg03": 565,
    "bg04": 624,
    "bg05": 615,
    "bg06": 595,
    "bg07": 612
  },
  "bg_queue_ms": {
    "p50": 0.9672641754150391,
    "p90": 19427.51717567444,
    "p99": 37089.78928327565
  },
  "bg_requests_per_resident_swap": 19.164285714285715,
  "bg_service_ms": {
    "p50": 1853.855013847351,
    "p90": 2897.4579572677612,
    "p99": 3051.529884338379
  },
  "bg_share_per_adapter": {
    "bg01": 0.3235184494968319,
    "bg02": 0.11535594483786805,
    "bg03": 0.10529258292955647,
    "bg04": 0.11628773760715617,
    "bg05": 0.11461051062243757,
    "bg06": 0.11088333954528513,
    "bg07": 0.1140514349608647
  },
  "bg_starved_frac_10s": 1.0,
  "bg_starved_frac_5s": 1.0,
  "bg_ttft_ms": {
    "p50": 96.7017412185669,
    "p90": 19646.421909332275,
    "p99": 37273.51956367502
  },
  "bg_worst_adapter_queue_p99_ms": 45434.340586662285,
  "bg_worst_adapter_ttft_p99_ms": 45569.06817197799,
  "cluster_q": 4,
  "config_hash": "62e7f61cf0936cc710b8618d9cc3e932e42302b8",
  "contention_ticks": null,
  "contention_time_ratio": null,
  "controller_decision_us": {
    "p50": 47.81316965818405,
    "p90": 62.63423711061478,
    "p99": 85.87390184402504
  },
  "cooldown_sec": 0.5,
  "deactivate_count_total": 280,
  "deactivate_empty_prune_count": null,
  "decision_count_total": 17044,
  "decision_rate_per_s": 31.527785976790305,
  "disable_deficit": false,
  "disable_hard_gate": false,
  "disable_stability": false,
  "dispatch_switch_rate_per_s": 4.385847251289006,
  "duration_s": 600.6025025844574,
  "epoch_sec": 1.0,
  "git_sha": "unknown",
  "jain_bg": 0.7891833099616609,
  "jain_index": 0.7891833099616609,
  "k": 4,
  "lease_q": 4,
  "load_mode": "open",
  "max_active_set": 4,
  "max_resident_set": 4,
  "max_tokens": 64,
  "max_w_total": 8,
  "min_share": 0.10529258292955647,
  "min_share_bg": 0.10529258292955647,
  "ok_count_bg": 5366,
  "ok_count_vip": 532,
  "policy": "gate_rr",
  "policy_id": "gate_rr",
  "prompt_len": 64,
  "prune_then_fill_count": null,
  "quantum": 1.0,
  "requests_per_resident_swap": 21.064285714285713,
  "resident_swap_count": 280,
  "resident_swap_interval_avg_ms": 3422.9496306386486,
  "resident_swap_interval_ms": {
    "p50": 1839.743733406067,
    "p90": 7821.720504760743,
    "p99": 13745.294175148008
  },
  "resident_swap_per_window": {
    "p50": 0.0,
    "p90": 0.0,
    "p99": 1.6000000000000227
  },
  "resident_swap_per_window_max": 2,
  "resident_swap_rate_per_s": 0.5179406285790474,
  "resident_swap_window_s": 1.0,
  "resident_switch_event_count": 560,
  "resident_switch_event_rate_per_s": 1.0358812571580949,
  "resident_switch_rate_per_s": 1.0358812571580949,
  "resident_violation_count": 0,
  "run_id": "seed=103__K=4__ts=20260119-035554__git=unknown__cfg=62e7f6",
  "seed": 103,
  "start_vllm": false,
  "switch_blocked_budget_rate_per_s": null,
  "switch_blocked_budget_total": null,
  "switch_blocked_cooldown_rate_per_s": null,
  "switch_blocked_cooldown_total": null,
  "switch_budget": 4,
  "switch_rate_per_s": 1.0358812571580949,
  "think_time_s": 0.0,
  "throughput_rps": 10.910049383425793,
  "total_ticks": null,
  "vip_adapter_cnt": 1,
  "vip_adapters": [
    "vip"
  ],
  "vip_boost": 1.0,
  "vip_concurrency": 1,
  "vip_e2e_ms": {
    "p50": 787.2730493545532,
    "p90": 6020.395779609683,
    "p99": 11787.823674678762
  },
  "vip_engine_ms": {
    "p50": 40.94970226287842,
    "p90": 90.22316932678223,
    "p99": 131.50443792343134
  },
  "vip_queue_ms": {
    "p50": 0.7280111312866211,
    "p90": 4893.337225914003,
    "p99": 10257.033319473265
  },
  "vip_service_ms": {
    "p50": 786.4006757736206,
    "p90": 1087.7662181854248,
    "p99": 1800.0378799438474
  },
  "vip_ttft_ms": {
    "p50": 41.73314571380615,
    "p90": 4948.493456840516,
    "p99": 10312.677686214445
  },
  "vllm_gpu_util": 0.85,
  "vllm_max_cpu_loras": 5,
  "vllm_max_lora_rank": 128,
  "vllm_max_loras": 4,
  "vllm_max_model_len": 4096,
  "vllm_model": "/path/to/model",
  "warmup_s": 60,
  "workload_id": "W2_phase_hol_rps3_p2048_split_M8"
}
